ID,URL,Collection,Title,Contents,SA?,Battery,Energy,Power,Sustainab,Green
B0,https://bitbucket.org/whoidsl/ds_base/pull-requests/13,BitBucketPR,Add ds_batteries to ds_base,"* Adding ds\_batteries setup
* Updating batterybase",NO,2,0,0,0,0
ROSD89,https://discourse.ros.org/t/looking-for-kobuki-power-supply-battery-charger/8754,ROSDiscourse,Looking for Kobuki power supply / battery charger,"AC, 50/60Hz, 1.5A max; Output: 19V DC, 3.16A power supply.Here’s an example on Amazon: As for t",,0,0,1,0,0
ROSD92,https://discourse.ros.org/t/addition-of-radar-specific-message-s-to-sensor-msgs/2724,ROSDiscourse,Addition of Radar-Specific Message(s) to sensor_msgs,intrinsic properties like (a measure of the power of the returned signal - also applies to the,,0,0,1,0,0
ROSD99,https://discourse.ros.org/t/announcing-tf-remapper-cpp-and-static-transform-mux-more-power-to-your-tf/9219,ROSDiscourse,Announcing tf_remapper_cpp and static_transform_mux: More power to your TF!,g TF? Have you looked at the ? Stop wasting energy and CPU cycles by moving to . The API is a s,,0,1,0,0,0
ROSD100,https://discourse.ros.org/t/beta-test-dynamixel-wizard-2-0/7819,ROSDiscourse,[Beta Test] DYNAMIXEL Wizard 2.0,"Trossen?
(I am also back-feeding 12V with a power hub)I’ve tried to get the wizard2 software t",,0,0,1,0,1
ROSD103,https://discourse.ros.org/t/sphero-rvr-needs-ros-interface/12163,ROSDiscourse,Sphero RVR Needs ROS Interface,"other drive functions. The API also accesses power and drive status, and controls LEDs. The Sph",,0,0,1,0,0
ROSD148,https://discourse.ros.org/t/project-azure-for-kinect-4th-gen-kinect/4729,ROSDiscourse,Project Azure for Kinect (4th gen Kinect),ncy and modulation contrast resulting in low power consumption with overall system power of 225,,0,0,3,0,0
ROSD154,https://discourse.ros.org/t/integration-testing-in-ros-2/6859,ROSDiscourse,Integration testing in ROS (2),"real world possible failures like disk full, power outage or network going down.Test if the ser",,0,0,1,0,0
ROSD158,https://discourse.ros.org/t/experiences-with-distributed-ros/1768,ROSDiscourse,Experiences with Distributed ROS,"that you do want to have each AP at a high power but instead low. That way, the robot switche",,0,0,1,0,0
ROSD181,https://discourse.ros.org/t/cozmo-with-ros2-without-sdk/11689,ROSDiscourse,Cozmo with ROS2 without SDK,sensorAccelerometersGyroBattery voltageCube battery voltageCube accelerometersWheel motorsHead m,,1,0,0,0,0
ROSD182,https://discourse.ros.org/t/autoware-reference-platform-working-group-meeting-3/11451,ROSDiscourse,Autoware Reference Platform Working Group Meeting #3,"heng
Requests by Kalray and TierIV
Estimated power consumption : 20-30 Watts (without accelerat",,0,0,1,0,0
ROSD187,https://discourse.ros.org/t/autoware-v1-12-alpha-1/9396,ROSDiscourse,Autoware v1.12-alpha.1,()Split drive state ()melodic support ()add battery charging state ()modify mssion state for fms,,1,0,0,0,0
ROSD188,https://discourse.ros.org/t/autoware-tsc-meeting-minutes-for-february-20th-2019/7950,ROSDiscourse,"Autoware TSC meeting minutes for February 20th, 2019","s, IMU, and GPS.
The LIDAR simulation is GPU-powered so it can generate up to 128 beams in real",,0,0,1,0,0
SO10,https://stackoverflow.com/questions/59778016/simulating-battery-life-of-a-turtlebot-3-in-gazebo,StackOverflow,Simulating battery life of a Turtlebot 3 in Gazebo,e I can drive around a Turtlebot 3 while its battery state is simulated.I have read about the Gaz,,4,0,0,0,0
SO16,https://stackoverflow.com/questions/42150311/should-i-make-a-large-function-atomic-in-order-to-benchmark-it-accurately,StackOverflow,Should I make a large function atomic in order to benchmark it accurately?,"algorithm like several layers of CPU caches, power saving features of your CPU, etc... If you a",,0,0,1,0,0
SO21,https://stackoverflow.com/questions/43161584/ros-bebop-autonomy-error-with-parrot-bebop-drone,StackOverflow,ROS bebop_autonomy error with parrot bebop drone,"bebop/bebop_driver/states/enable_commonstate_batterystatechanged: True
 * /bebop/bebop_driver/sta",,1,0,0,0,0
ROSA9,https://answers.ros.org/question/259098/arbotix-output-power/,ROSAnswers,arbotix output power,I want to toggle a lamp from my arbotix. The lamp needs 5V and aprox. 20mA. I was trying,,0,0,1,0,0
ROSA12,https://answers.ros.org/question/285774/running-turtlebot-minimallaunch-on-a-pc-no-battery-state/,ROSAnswers,"Running Turtlebot minimal.launch on a PC, no battery state.",ble to check laptop battery info [/sys/class/power_supply/BAT0/charge_full_design || /sys/class,,1,1,2,0,0
ROSA19,https://answers.ros.org/question/340769/driverinit-service-enables-the-active-state-power-enabled/,ROSAnswers,/driver/init service enables the active state (power enabled) [closed],"calling the /driver/init service enters the ""power disabled"" - standby mode? I can't find the p",,0,0,1,0,0
ROSA20,https://answers.ros.org/question/335763/what-is-the-max-linear-acceleration-of-husky-a200/,ROSAnswers,What is the max linear acceleration of Husky A200?,urposes.What I did was to find out the drive power of the Husky A200 ().Drive Power = 400 W con,,0,0,1,0,0
ROSA22,https://answers.ros.org/question/328438/how-can-i-catch-errors-in-rosserial-publish/,ROSAnswers,How can I catch errors in rosserial publish() ?,"ly (I think) to become ""unavailable"" as it's powered through the same circuit as the motors and",,0,0,1,0,0
ROSA61,https://answers.ros.org/question/273657/installing-microsoft-kinect-on-ubuntu-1604-to-use-skeletal-tracking/,ROSAnswers,Installing Microsoft Kinect on Ubuntu 16.04 to Use skeletal Tracking,ed into the identical usb port as before and powered on. with the command lsusb three Microsoft,,0,0,2,0,0
ROSA79,https://answers.ros.org/question/206499/motors-different-speeds/,ROSAnswers,motors different speeds,"tors, people suggested that i give different power to each motor. (in my case, i give each two",,0,0,2,0,0
ROSA89,https://answers.ros.org/question/175008/ros-on-read-only-filesystem/,ROSAnswers,ROS on read-only filesystem,comes read-only after an incorrect shutdown (power is cut from the device). The usual fix for t,,0,0,2,0,0
ROSA90,https://answers.ros.org/question/193078/minimum-hardware-requirement-for-ros/,ROSAnswers,Minimum Hardware Requirement for ROS,S? We are trying to build a rover with least power consumption. So we need to select the hardwa,,0,1,1,0,0
ROSA95,https://answers.ros.org/question/136741/turtlebot-outputting-over-serial-but-not-receiving/,ROSAnswers,"Turtlebot outputting over serial, but not receiving",get data from the Turtlebot that seems to be battery charge information.How is it that I have a w,,2,0,0,0,0
ROSA103,https://answers.ros.org/question/42315/ubuntu-1204-and-pandaboard-fails-to-open-asus-xtion-driver-issues-for-arm/,ROSAnswers,Ubuntu 12.04 and Pandaboard -> fails to open ASUS xtion/ Driver issues for ARM,lag of enough usb ports and the fact of less energy consumption). The compiling seems to work we,,0,1,0,0,0
ROSA109,https://answers.ros.org/question/40501/possible-for-roslaunch-to-respawn-node-after-power-failure-on-remote-machine/,ROSAnswers,Possible for roslaunch to respawn node after power failure on remote machine?,I'm attempting to set up power failure or intermittent comms resiliency for,,0,0,2,0,0
ROSA135,https://answers.ros.org/question/10985/how-to-decrease-openni_kinect-cpu-usage-in-turtlebot-pkg/,ROSAnswers,How to decrease (openni_)kinect cpu usage in turtlebot pkg,d with the throttler uses quite a lot of cpu power. My guess is that this is caused by the fact,,0,0,3,0,0
ROSA139,https://answers.ros.org/question/10903/does-battery-matter-to-simulated-pr2-robot/,ROSAnswers,Does 'Battery' matter to simulated pr2 robot,"nning pr2 in simulation for a long time, the battery will go down eventually to 0. Does that matt",,2,0,0,0,0
ROSA147,https://answers.ros.org/question/11465/routerstation-pro-openwrt-or-debwrt-ros-arduino/,ROSAnswers,Routerstation Pro + OpenWRT or DebWRT + ROS + Arduino [closed],ontrolled by arduino. Think of this as a low power mobile mesh station (kind of like a turtlebo,,0,0,1,0,0
ROSA179,https://answers.ros.org/question/37009/bad-gyro-callibration/,ROSAnswers,Bad Gyro Callibration,"ons suggested to no avail. I have cycled the power, unplugged and replugged the power board sev",,0,0,2,0,0
ROSA184,https://answers.ros.org/question/40307/problems-with-comunicate-turtlebot-and-netbook/,ROSAnswers,Problems with comunicate Turtlebot and Netbook,"about the robot in turtlebot_dashboard, like battery and sensors status, but is possible to see n",,3,0,0,0,0
ROSA187,https://answers.ros.org/question/38786/problem-adding-rosserial-node-to-turtlebot-bringup/,ROSAnswers,Problem adding rosserial node to turtlebot bringup,"al.launch to have the following. The ""laptop battery"" stuff has been pulled out since I am using",,1,0,0,0,0
ROSA192,https://answers.ros.org/question/40830/irobot-create-and-beagleboard-failed-to-open-port-devttyusb0/,ROSAnswers,"iRobot Create and BeagleBoard ""Failed to open port /dev/ttyUSB0"" [closed]",se i don't have batteries in my Create. I am powering it from DC power supplier (for now at lea,,2,0,2,0,0
ROSA193,https://answers.ros.org/question/41815/raspberry-pi-optimization/,ROSAnswers,Raspberry Pi optimization [closed],a Raspberry Pi with the Turtlebot to save on power consumption and simplify charging.,,0,0,1,0,0
ROSA195,https://answers.ros.org/question/43566/pioneer-gripper-is-stuck/,ROSAnswers,Pioneer Gripper is stuck [closed],control commands for gripper. We checked the power voltage for gripper (yellow-black cable). It,,0,0,1,0,0
ROSA196,https://answers.ros.org/question/44047/neobotix-navigation-rotation-behavior/,ROSAnswers,Neobotix navigation rotation behavior [closed],"f the map to 0.05, my CPU has not got enough power to calculate the path and it misses its desi",,0,0,1,0,0
ROSA202,https://answers.ros.org/question/40734/whats-the-most-highest-ampere-when-pr2-comsume-the-most-when-charging/,ROSAnswers,What's the most highest ampere when PR2 comsume the most when charging?,?What action will cause PR2 consume the most power?Thank you~ You can find some information he,,0,0,1,0,0
ROSA210,https://answers.ros.org/question/46612/dynamixel-motors-not-found/,ROSAnswers,Dynamixel motors not found,e even tried a different motor and different power supply... Any ideas?What version of ROS are,,0,0,1,0,0
ROSA214,https://answers.ros.org/question/51660/connecting-kinect-on-usb-10/,ROSAnswers,Connecting Kinect on USB 1.0,"e issue is that the USB port does not supply power. At full bandwidth, USB 1 can do 12Mbps. Th",,0,0,1,0,0
ROSA217,https://answers.ros.org/question/51734/serial-load-cell-is-slow-in-ros/,ROSAnswers,Serial Load Cell is slow in ROS,"ications? Or is it ROS using up a lot of CPU power for just publishing 4 topics? Also, why do m",,0,0,1,0,0
ROSA225,https://answers.ros.org/question/30889/cannot-launch-openni_camera-no-devices-connected-ros-electric/,ROSAnswers,Cannot launch openni_camera: No devices connected (ROS electric),"restarted, made sure the Kinect had external power (got a blinking green light), saw the follow",,0,0,1,0,1
ROSA231,https://answers.ros.org/question/59996/cancelling-a-ros-action-within-an-executive_teer-node/,ROSAnswers,Cancelling a ROS action within an executive_teer node,points in a map using MoveBase actions and a battery_check task that monitors a simulated battery,,5,0,0,0,0
ROSA239,https://answers.ros.org/question/61318/udpros-protocol-and-lost-packetsequencing-algorithms/,ROSAnswers,UDPROS Protocol and Lost Packet/Sequencing Algorithms,"uirements. Option 2 requires more processing power and energy usage to maintain timeouts, and O",,0,1,1,0,0
ROSA244,https://answers.ros.org/question/60765/data-droping-at-transport-layer/,ROSAnswers,Data Droping at transport layer,"ts at Transport layer. To save the bandwidth,energy of nodes and reduce the congestion. So is it",,0,2,0,0,0
ROSA247,https://answers.ros.org/question/64731/openni-and-rgbdslam-launch-files/,ROSAnswers,OpenNI and RGBDSLAM Launch Files,"e a Turtlebot and if your camera is draining power from your robot, make sure it's set to full",,0,0,1,0,0
ROSA250,https://answers.ros.org/question/70651/what-are-prerequisites-for-ros/,ROSAnswers,What are prerequisites for ROS?,"e is related to electronics. I have designed power supplies, motor drivers for robots; I have d",,0,0,1,0,0
ROSA251,https://answers.ros.org/question/67184/asctec_proc-timeout-0-bytes-available-3-bytes-requested/,ROSAnswers,Asctec_Proc - Timeout: 0 bytes available 3 bytes requested,ve tried it with extern current and with the battery. Does anyone know how to fix this problem ?,,1,0,0,0,0
ROSA255,https://answers.ros.org/question/79011/ardrone-loses-connection-every-time-i-land-it/,ROSAnswers,AR.Drone loses connection every-time I land it,"ger take off again. I have to disconnect the battery, wait for the drone to recalibrate and run t",,2,0,0,0,0
ROSA261,https://answers.ros.org/question/96521/ballpark-miminum-cpuram-requirements-for-moveit-packages/,ROSAnswers,Ballpark miminum CPU/RAM requirements for moveit packages,"culations portion.
And I'm looking for a low power solution.
In addition, I would like to have",,0,0,1,0,0
ROSA263,https://answers.ros.org/question/92891/using-smach-to-monitor-robot-battery-level/,ROSAnswers,Using SMACH to monitor robot battery level,scenario using SMACH.The robot monitors its battery level on a topic called /battery_level using,,4,0,0,0,0
ROSA268,https://answers.ros.org/question/112261/brand-new-roomba-790-malfunctioning/,ROSAnswers,Brand new Roomba 790 Malfunctioning,at the same time for 30 seconds. Charge the battery for a good 16 hours after the reset.,,1,0,0,0,0
ROSA272,https://answers.ros.org/question/117006/fatal-pan_tilt_port-no-motors-found/,ROSAnswers,Fatal - pan_tilt_port: No motors found,"rs and always the same error. I'm using a 9V power supply and seems perfectly working, the moto",,0,0,2,0,0
ROSA276,https://answers.ros.org/question/42059/unable-to-check-laptop-battery/,ROSAnswers,Unable to check laptop battery [closed],"the issue: Turtlebot unable to check laptop battery state, as explained in greater detail in I",,1,0,0,0,0
ROSA291,https://answers.ros.org/question/166861/why-cant-youbot_battery_monitor-connect-to-serial-port/,ROSAnswers,Why can't youbot_battery_monitor connect to serial port? [closed],"Hi,i am trying to get youbot_battery_monitor running on my youbot. The README (ca",,16,0,0,0,0
ROSA295,https://answers.ros.org/question/185261/pocketsphinx-microphone-connection-is-unreliable/,ROSAnswers,pocketsphinx microphone connection is unreliable,"that some process went to sleep mode, like a power save feature.Well, what I could see is that",,0,0,1,0,0
ROSA301,https://answers.ros.org/question/151121/how-to-create-soft-objects-wheel-tires-in-gazebo/,ROSAnswers,How to create soft objects (wheel tires) in gazebo?,he wheels are too hard and do not absorb any energy.Following the link above I added a kp-tag to,,0,1,0,0,0
ROSA309,https://answers.ros.org/question/189183/dc-maxon-motor-control/,ROSAnswers,dc maxon motor control,robot. I have two DC maxon motors with 150 w power and two arduino uno boards. Is it possible f,,0,0,1,0,0
ROSA327,https://answers.ros.org/question/199865/commanding-simple-paths-curves-to-move_base/,ROSAnswers,Commanding simple paths / curves to move_base,HiI want to measure the power consumption of my robot when it moves on som,,0,0,1,0,0
ROSA357,https://answers.ros.org/question/210482/migration-to-ros-indigo-laptop-battery/,ROSAnswers,Migration to ROS Indigo [ laptop Battery] ?,"th the kobuki_dashboard.I can see the kobuki battery but not the laptop one. and when i do a ""ros",,1,0,0,0,0
ROSA360,https://answers.ros.org/question/214026/getting-started-with-ros/,ROSAnswers,Getting Started with ROS,unds like very high performance and very low power consumption. Would the TK1 be used only for,,0,0,1,0,0
ROSA362,https://answers.ros.org/question/214554/shutdown-system-computer-with-a-ros-node/,ROSAnswers,Shutdown system (computer) with a ROS node,"I would like to shutdown the system once the battery level reaches a certain point, however I don",,1,0,0,0,0
ROSA366,https://answers.ros.org/question/216983/depthimage_to_laserscan-outputs-laserscan-upside-down/,ROSAnswers,depthimage_to_laserscan outputs laserscan upside down,but this would consume much more processing power flipping each depth image?This will not affe,,0,0,1,0,0
ROSA367,https://answers.ros.org/question/220233/battery-monitor/,ROSAnswers,Battery Monitor,not using a laptop computer. I have lithium battery running everything. I would like to add a b,,2,0,0,0,0
ROSA371,https://answers.ros.org/question/219438/roomba-531-power-for-kinect/,ROSAnswers,Roomba 531 - Power For Kinect,"B serial cable, so to get to the unregulated power from the DIN connector I'll need to do some",,0,0,2,0,0
ROSA373,https://answers.ros.org/question/217804/problem-creating-a-ros-package-with-the-presence-of-external-headers/,ROSAnswers,Problem creating a ROS package with the presence of external headers,"ions, for example to read the voltage of the battery, and publish the data as ROS messages. 
I pu",,1,0,0,0,0
ROSA376,https://answers.ros.org/question/220927/controlling-2-dynamixel-servos-in-parallel-with-arbotix-driver/,ROSAnswers,controlling 2 dynamixel servos in parallel with arbotix driver,"ervo's are connected in parallel to get more power in the joint.
It can be used using the dynam",,0,0,1,0,0
ROSA380,https://answers.ros.org/question/222740/new-robot-with-ubuntu-snappy-or-traditional-ubuntu/,ROSAnswers,New Robot with Ubuntu: Snappy or Traditional Ubuntu?,ntu designed specifically for running on low-power embedded devices.The documentation appears a,,0,0,1,0,0
ROSA383,https://answers.ros.org/question/223046/control-8x8-grid-of-rgb-leds-like-raspberry-pi-sense-hat-or-unicorn-hat/,ROSAnswers,Control 8x8 grid of RGB LEDs like Raspberry Pi Sense Hat or Unicorn Hat?,y new to ROS.We have a project where battery power is limited but we need some real-time visual,,1,0,2,0,0
ROSA389,https://answers.ros.org/question/225725/xv11-lidar-on-jade/,ROSAnswers,XV11 LIDAR on Jade,k it when I hook it up again.I've also tried powering the lidar and motor from 2.8->3.3 volts o,,0,0,1,0,0
ROSA405,https://answers.ros.org/question/235091/how-to-interface-a-servo-motor-with-an-arduino-mega2560-using-ros/,ROSAnswers,how to interface a servo motor with an arduino mega2560 using ros ?,also runfixed it .. it was nt getting enough power to the board .. thanx anyway :)what do u mea,,0,0,3,0,0
ROSA408,https://answers.ros.org/question/236888/how-to-get-the-battery-status-of-a-robot-in-gazebo/,ROSAnswers,How to get the battery status of a robot in gazebo?,ebo world moving around. I need to get their battery status like how much battery are they consum,,2,0,0,0,0
ROSA445,https://answers.ros.org/question/251211/i-am-trying-to-start-turtlebot-but-it-is-not-starting/,ROSAnswers,"i am trying to start turtlebot , but it is not starting.",? suggests that the kobuki comes with a 19V power supply,,1,0,0,2,0
ROSA448,https://answers.ros.org/question/253680/kobuki-auto-docking-action-server-is-not-connected-yet/,ROSAnswers,Kobuki - Auto Docking - Action server is not connected yet,navigating to some location on a map and the battery drops below safe limits then it needs to ret,,1,0,0,0,0
ROSA449,https://answers.ros.org/question/253918/best-rgbd-camera-for-ros-on-a-raspberry-pi/,ROSAnswers,Best RGBD camera for ROS on a Raspberry Pi,"a battery pack (10w, 5200mAh) which needs to power the RPi with:
1) USB Wifi dongle ± 1W
2) A s",,1,0,1,0,0
ROSA457,https://answers.ros.org/question/258169/speed-up-rostopic-list/,ROSAnswers,Speed up 'rostopic list',unning ROS-Base Indigo (Bare Bones) on a low-power computer and I noticed that when I run it t,,0,0,4,0,0
ROSA462,https://answers.ros.org/question/259313/how-to-combine-coordinate-program-and-auto-docking-program/,ROSAnswers,how to combine coordinate program and auto docking program,lly perform auto docking when it detects its battery is low. How to make it? below is my program,,1,0,0,0,0
ROSA463,https://answers.ros.org/question/258673/how-to-dynamically-update-masscenter-of-massinertia-during-gazebo-sim/,ROSAnswers,How to dynamically update mass/center of mass/inertia during Gazebo sim,of mass of the tank as a function of engine power output over time. Or maybe I have a robot ex,,0,0,1,0,0
ROSA471,https://answers.ros.org/question/263682/our-robot-will-be-equipped-with-lidars-sterio-camera-slam-algorithm-machine-vision-and-similar-loads-please-suggest-us-the-computer-specification/,ROSAnswers,"Our robot will be equipped with lidars, sterio camera, SLAM algorithm, machine vision and similar loads. Please suggest us the computer specification which will be ideal and optimal?","ng? Do you have any constrains about weight, power consumption?Weight constrain is not there as",,1,0,2,0,0
ROSA474,https://answers.ros.org/question/263717/problem-with-rosserial_arduino-topic-publishing/,ROSAnswers,Problem with rosserial_arduino topic publishing?,reupload the Arduino program or increase the power supply to the Arduino. Sometimes it solves t,,0,0,1,0,0
ROSA487,https://answers.ros.org/question/272286/ros-compatible-sbc-or-minipc-for-turtlebot-kobuki/,ROSAnswers,ros compatible SBC or minipc for Turtlebot (Kobuki),".
Since the TK1 runs off the Kobuki battery, power usage is a big thing.
Are the other compatib",,1,0,2,0,0
ROSA526,https://answers.ros.org/question/295503/ending-nodestopics-from-python-script/,ROSAnswers,Ending nodes/topics from python script,"he turtlebot to its point of origin when the battery is low, and stop when it reaches that point.",,1,0,0,0,0
ROSA527,https://answers.ros.org/question/58907/has-anyone-written-a-trajectory-plotting-tool/,ROSAnswers,Has anyone written a trajectory plotting tool?,"n be plotted. It's just dependent on you CPU power...
rqt_plot has three different drawing back",,0,0,1,0,0
ROSA529,https://answers.ros.org/question/290282/what-is-the-motor-specifications-of-clearpath-husky-robot/,ROSAnswers,What is the motor specifications of Clearpath Husky robot?,"robot motors? especially the torque, speed & power. Probably not what you wanted to hear, but",,0,0,1,0,0
ROSA536,https://answers.ros.org/question/297905/how-to-get-jackal-clearpath-running-outdoors/,ROSAnswers,How to get Jackal clearpath running outdoors?,it worried about it.Could you not take a 12v battery and a small wifi router with you so you have,,1,0,0,0,0
ROSA553,https://answers.ros.org/question/257182/getting-started-in-the-world-of-drone-programming/,ROSAnswers,Getting started in the world of drone programming,"need the drone to have around 30 minutes of battery(ideally more, but if not possible that will",,1,0,0,0,0
ROSA554,https://answers.ros.org/question/311408/rosserial-kinetic-error-5-inputoutput-error/,ROSAnswers,rosserial kinetic [Error 5] Input/output error,"would be the answer.Btw, I connected another battery to the motor to supply the working current/v",,1,0,0,0,0
ROSA570,https://answers.ros.org/question/318738/have-two-nodes-publish-to-same-topic/,ROSAnswers,Have two nodes publish to same topic,then have another node which sends only when battery is too low. I don't want to change anything,,2,0,0,0,0
ROSA575,https://answers.ros.org/question/323055/equip-arduino-based-lawn-mower-with-ros/,ROSAnswers,Equip Arduino based lawn mower with ROS,"(like a fence)
- IMU
- Odometry
- monitoring power consumption of motors (to detect high lawn a",,0,0,1,0,0
ROSA576,https://answers.ros.org/question/321734/hokuyo-ust-10lx-power-options/,ROSAnswers,Hokuyo UST-10LX power options,X on my RC car and have separated battery to power the lidar and the car. To reduce the weight,,3,0,3,0,0
ROSA581,https://answers.ros.org/question/318445/imu-covariance-matrix-setting-for-robot_localization/,ROSAnswers,IMU covariance matrix setting for robot_localization,"ise, like 'Gyroscope RMS noise in normal/low-power mode', etc. But how can I relate these value",,0,0,1,0,0
ROSA589,https://answers.ros.org/question/325880/strange-movement-with-hector_navigation/,ROSAnswers,Strange movement with hector_navigation,"channels have same issue. Maybe driver lacks power. global_costmap:

 map_type: costmap
 t",,0,0,1,0,0
ROSA600,https://answers.ros.org/question/331840/rplidar-disconnects-kinect-360/,ROSAnswers,rplidar disconnects kinect 360,"after rebooting the pc.
Kinect has external power
ros version: kinetic;
Ubuntu: 16.04Doesn't s",,0,0,3,0,0
ROSA606,https://answers.ros.org/question/337331/intel-nuc-pc-crashes-while-using-rviz/,ROSAnswers,Intel NUC PC crashes while using Rviz,"t could be many things, but it sounds like a power supply problem to me. I'd make sure all the",,0,0,4,0,0
ROSA608,https://answers.ros.org/question/338244/nui-camera-and-nui-audio-kinect-xbox360-not-detected-on-ubuntu/,ROSAnswers,NUI camera and NUI audio kinect xbox360 not detected on ubuntu,lusb that's only show NUI motor..I also add power supply dc 12 v 2 A to my kinectthis is my ls,,0,0,1,0,0
ROSA609,https://answers.ros.org/question/337589/kinect-xbox-360-raspberrypi/,ROSAnswers,Kinect Xbox 360 RaspberryPI,"B and i connected the kinect, with external power supply. All works great, but when i tested t",,0,0,1,0,0
ROSA613,https://answers.ros.org/question/314418/local-costmap-window-slowly-drifts-over-static-global-map/,ROSAnswers,local costmap window slowly drifts over static global map,s did not happen. It might be tied when the battery getting low.I will update with a bag file wh,,4,0,0,0,0
ROSA614,https://answers.ros.org/question/338404/findingmaking-power-cable-to-get-power-out-of-kobuki/,ROSAnswers,Finding/making power cable to get power out of Kobuki,"iant of TurtleBot2 and I'm attempting to get power out of the Kobuki base, so that I can power",,0,0,5,0,0
ROSA615,https://answers.ros.org/question/340524/open-mobile-manipulator-project/,ROSAnswers,Open Mobile Manipulator Project [closed],"0w dc-dc buvk converters(25),1 lipo 5000 mah battery(50), robot base could be just 2 leveled wood",,1,0,0,0,0
ROSA625,https://answers.ros.org/question/342846/running-ros-gazebo-on-raspberry-pi/,ROSAnswers,Running ROS + Gazebo on Raspberry Pi,e time to make the Raspi a viable albeit low power development platform for ROS.Have you tried,,0,0,1,0,0
ROSA626,https://answers.ros.org/question/315702/how-to-convert-twist-msg-to-pwm-signals/,ROSAnswers,How to convert Twist msg to PWM signals?,"velocity, how do I decide whether to change power or turn ??what kind of car are you using ?
D",,0,0,1,0,0
ROSA632,https://answers.ros.org/question/270274/which-camera-is-better-to-use-with-ros-kinect-or-astra/,ROSAnswers,which camera is better to use with ROS: kinect or astra ?,s are better than Kinect. Kinect needs extra power but Orbbec Astra does not. Kinects are not a,,0,0,1,0,0
ROSA633,https://answers.ros.org/question/331522/sending-velocity-commands-to-the-robot-throught-cmd_vel-topic/,ROSAnswers,sending velocity commands to the robot throught cmd_vel topic,I have another question!!! where to get the battery state so I can send an error message when th,,2,0,0,0,0
ROSA643,https://answers.ros.org/question/296145/turtlebot3-low-battery-beeping/,ROSAnswers,turtlebot3 low battery beeping,"s source code so that it does beep when the battery is low. Thanks! Hi ,The buzzer you mentione",,2,0,0,0,0
ROSA645,https://answers.ros.org/question/296259/what-does-intensity-mean-intensity-exactly/,ROSAnswers,What does intensity mean intensity exactly ?,Regarding LiDAR data intensity refers to the energy of the reflected laser pulse. This is a seco,,0,1,0,0,0
ROSA656,https://answers.ros.org/question/235440/test-kinectno-devices-connected-waiting-for-devices-to-be-connected/,ROSAnswers,Test kinect:No devices connected.... waiting for devices to be connected,then make sure the Kinect is getting 12v of power. Pretty obvious but it happens to the best o,,0,0,3,0,0
ROSA657,https://answers.ros.org/question/252799/navigation-stack-speed-of-robot/,ROSAnswers,Navigation Stack : Speed of Robot,"problem. When turning on carpet you could be power limited, or also be experiencing excessive s",,0,0,4,0,0
ROSA658,https://answers.ros.org/question/251805/i-need-help-writing-a-controller-node-for-a-drone/,ROSAnswers,I need help writing a controller node for a drone,will also ignore any mavlink commands if the battery is a dangerously low and return to their lan,,1,0,0,0,0
ROSA660,https://answers.ros.org/question/236239/how-can-i-power-a-kinect-using-the-irobot-create-2-base-turtlebot/,ROSAnswers,How can I power a kinect using the iRobot Create 2 base? (Turtlebot),"s), and an acer netbook.How do I provide 12V power to the kinect using the create 2? I saw a lo",,3,0,10,0,0
ROSA668,https://answers.ros.org/question/228533/ekf_localization-odometryfiltered-topicfrequency-too-low/,ROSAnswers,ekf_localization: odometry/filtered topic:Frequency too low?,cpu is utilized unless you're using battery power. It turns out that the default may be as lo,,1,0,1,0,0
ROSA670,https://answers.ros.org/question/61244/can-a-smach-state-machine-be-paused-and-resumed/,ROSAnswers,Can a SMACH state machine be paused and resumed?,"machine. However, it is also monitoring its battery levels using a SMACH MonitorState. When the",,3,0,0,0,0
ROSA672,https://answers.ros.org/question/212371/how-do-i-reset-the-odometry-topic-on-ardrone_autonomy/,ROSAnswers,How do i reset the odometry topic on ardrone_autonomy,date the firmware. Just make sure your phone battery and AR Drone battery is full and click updat,,2,0,0,0,1
ROSA677,https://answers.ros.org/question/9737/openni_tracker-initfromxml-failed-cant-create-any-node-of-the-requested-type/,ROSAnswers,[openni_tracker] InitFromXml failed: Can't create any node of the requested type!,same thing and found it occurs only when the power seems not be provided (light is off on USB c,,0,0,1,0,0
ROSA678,https://answers.ros.org/question/46782/information-about-turtlebot2/,ROSAnswers,Information about Turtlebot2,ike the new Turtlebot is designed to provide power to a laptop. What laptop(s) will be support,,1,0,5,0,0
ROSA694,https://answers.ros.org/question/123736/kinect-on-kuka-lwr/,ROSAnswers,Kinect on Kuka LWR,ctor with a standard USB connector and a 12V power connector for your system.If you're just int,,0,0,1,0,0
ROSA701,https://answers.ros.org/question/27755/roomba-500-series-installation-problem/,ROSAnswers,Roomba 500 series installation problem,rate error and a complaint about the laptop battery being in Ma instead of Mw - is this some E,,3,0,0,0,0
ROSA702,https://answers.ros.org/question/68197/kinect-not-getting-power-from-irobot-create-base-is-it-openni-problem/,ROSAnswers,Kinect not getting power from Irobot create base. is it openni problem??,"use turtlebot(create). but kinect don't get power from Irobot create base.
usb version is 2.0,",,0,0,9,0,0
ROSA703,https://answers.ros.org/question/60368/hokuyo-utm-30lx-restart-command/,ROSAnswers,Hokuyo utm-30lx restart command,"t was working quite nice with a 12V external power supply, then I decided to connect it to the",,0,0,6,0,0
ROSA705,https://answers.ros.org/question/63705/problem-using-the-provided-groovy-rpi-image/,ROSAnswers,Problem using the provided groovy RPi Image,"vices mentioned before are connected using a powered USB-hub. As a matter of fact, the Pi itsel",,0,0,8,0,0
ROSA706,https://answers.ros.org/question/62152/confused-about-getting-xv11-laser-data-into-rviz/,ROSAnswers,Confused about getting XV11 laser data into rviz,cleaner. I am going to try a becnh vailable power supply to see if that helps.Procedure:git cl,,0,0,1,0,0
ROSA709,https://answers.ros.org/question/56380/motor-encoder/,ROSAnswers,motor encoder,will require a driver package to deliver the power required to operate the motors. has a good,,0,0,1,0,0
ROSA713,https://answers.ros.org/question/53575/kinect-for-xbox-or-kinect-for-pc-for-slam/,ROSAnswers,Kinect for Xbox or Kinect for PC for SLAM?,"of range of the sensor? Does the PC one need power supply?
Need your advice. 
Thanks. I'm only",,0,0,3,0,0
ROSA714,https://answers.ros.org/question/53529/usb-graphics-card-for-ubuntu-1204lts/,ROSAnswers,USB Graphics Card for Ubuntu 12.04LTS,"You don't mention if it must be a laptop, or battery operated?The easiest path is to get yourself",,1,0,0,0,0
ROSA723,https://answers.ros.org/question/12107/kinect-no-devices-connected-on-openni_nodelaunch/,ROSAnswers,Kinect - no devices connected on openni_node.launch,eneral when connecting Kinect using external power supply. When its disconnected from external,,0,0,2,0,1
ROSA739,https://answers.ros.org/question/10397/is-visualization-ok-on-laptops-with-optimusbumblebee/,ROSAnswers,Is visualization OK on laptops with Optimus+Bumblebee?,"orked fine (unfortunately, you don't get the battery savings that optmius integrated graphics wou",,1,0,0,0,0
ROSA746,https://answers.ros.org/question/11020/what-does-the-intensity-channel-of-a-point-cloud-refer-to/,ROSAnswers,what does the intensity channel of a point cloud refer to?,"n, representing some quality of measurement: energy returned, pixel value, etc. Sometimes it ca",,0,1,0,0,0
ROSA759,https://answers.ros.org/question/11487/does-the-turtlebot-powergyro-board-need-to-enable-the-kinect/,ROSAnswers,Does the turtlebot power/gyro board need to enable the kinect?,Do I need to 'turn on' the turtlebot power/gyro board somehow to power up my kinect? I,,0,0,10,0,0
ROSA771,https://answers.ros.org/question/12651/turtlebot-kinect-not-publishing-any-images/,ROSAnswers,Turtlebot / Kinect - not publishing any images?,".Any clue where to look?I tried an alternate power supply, wall power, and an alternate kinect.",,0,0,5,0,2
ROSA774,https://answers.ros.org/question/11447/kinect-not-detected/,ROSAnswers,Kinect not detected,troubleshooting...Sometimes it can also be a power problem. Check to make sure the connect tur,,0,0,2,0,1
ROSA775,https://answers.ros.org/question/27666/turtlebot-gmapping-large-area/,ROSAnswers,turtlebot gmapping large area,"obot pose"". Also, I noticed that the create power LED is off, and in one case I got a power er",,1,0,6,0,0
ROSA776,https://answers.ros.org/question/27559/ubuntu-64bit-1110-kinect/,ROSAnswers,Ubuntu 64bit 11.10 + Kinect,e. It looks like you might not have the 12V power supplied to the Kinect. There should be thr,,0,0,1,0,0
ROSA777,https://answers.ros.org/question/12973/kinect-issues-on-different-machines/,ROSAnswers,kinect issues on different machines,e a stupid suggestion - but the Kinect needs power (12v) either from a Wall Wart or an external,,1,0,5,0,0
ROSA796,https://answers.ros.org/question/32736/react-on-diagnostics-eg-shutdown-on-low-battery/,ROSAnswers,react on diagnostics (eg shutdown on low battery),s) to represent system state for things like power and temperature.I then have a separate node,,2,0,1,0,0
ROSA805,https://answers.ros.org/question/34571/openni_launch-on-lion-with-xtion/,ROSAnswers,Openni_Launch on Lion with Xtion,about it is that it doesnt require external power,,0,0,1,0,0
ROSA806,https://answers.ros.org/question/36974/multiple-point-grey-chameleon-usb-cameras-unstable/,ROSAnswers,Multiple Point Grey Chameleon USB cameras unstable,need to hard reboot the computer and cut off power to the cameras (they are powered through bot,,0,0,5,0,0
ROSA818,https://answers.ros.org/question/38848/dashboard-is-unble-to-check-the-laptop-battey-state/,ROSAnswers,Dashboard is unble to check the laptop battey state,e: 1342422151.301084] Unable to check laptop battery state. Exception: Value 12265 mW did not hav,,7,0,0,0,0
ROSA827,https://answers.ros.org/question/45885/rviz-unsaved-changes/,ROSAnswers,rviz: unsaved changes,"when I am working on battery, it saves some power (opengl likes my cpu).As a workaround:
 - ct",,1,0,1,0,0
ROSA829,https://answers.ros.org/question/46112/control-design-pid-and-topic-publishing/,ROSAnswers,Control Design - PID and Topic Publishing,"motors in the long term. You'll be wasting power for one thing. As for damage to the motors,",,0,0,1,0,0
ROSA836,https://answers.ros.org/question/50140/turtlebot-follower-demo-not-following/,ROSAnswers,Turtlebot follower demo not following,"This sounds like a hardware issue, with the power being lost when the robot starts moving. I",,0,0,3,0,0
ROSA843,https://answers.ros.org/question/51273/is-there-a-ros-package-that-can-provide-gui-for-other-ros-nodes/,ROSAnswers,Is there a ros package that can provide GUI for other ros nodes?,"the information gathered by camera, battery power and temperature sensor.It would be better if",,1,0,1,0,0
ROSA844,https://answers.ros.org/question/53457/kinect-dies-when-using-the-follower-example-on-a-turtlebot/,ROSAnswers,kinect dies when using the follower example on a turtlebot,be a current issue. I would think that the battery pack could source plenty of current unless m,,2,0,0,0,0
ROSA845,https://answers.ros.org/question/41829/turtlebot-clearpath-kinect-visualization-tutorial/,ROSAnswers,Turtlebot (clearpath) Kinect Visualization Tutorial,due to some problem that might be related to power shortage (e.g. USB-driver related as some ot,,3,0,2,0,3
ROSA849,https://answers.ros.org/question/49930/performance-of-algorithms-doing-slam-with-kinect/,ROSAnswers,Performance of Algorithms doing slam with kinect [closed],y much lower rate. SLAM in 3D does need some power.It could also be that your problem is very h,,0,0,1,0,0
ROSA852,https://answers.ros.org/question/45207/is-a-power-board-really-necessary-for-turtlebot-or-is-an-din-usb-cable-enough/,ROSAnswers,Is a power board really necessary for turtlebot? Or is an din-usb cable enough...,realise that I will need to provide separate power for the kinect but wondering if there is som,,0,0,9,0,0
ROSA854,https://answers.ros.org/question/56704/turtlebot-2-errors/,ROSAnswers,Turtlebot 2 errors,e? I tried setting the battery to /sys/class/power_supply/BAT0 but now I am getting a warning t,,9,0,2,0,1
ROSA856,https://answers.ros.org/question/57161/turtlebot_bringup-error-invalid-param-tag/,ROSAnswers,turtlebot_bringup error - invalid <param> tag [closed],e roslaunch works fine except for the laptop battery warning which I have described here - Thank,,1,0,0,0,0
ROSA864,https://answers.ros.org/question/33596/wireless-camera-for-usb_cam/,ROSAnswers,Wireless camera for usb_cam,"nd run through batteries quickly, so I would power them externally.There's a ROS MJPEG driver h",,1,0,1,0,0
ROSA896,https://answers.ros.org/question/87631/how-to-retrieve-data-from-kinect-using-rviz/,ROSAnswers,How to retrieve data from Kinect using rviz,ch I am assuming confirms that it is getting power from turtlebot 2 Kobuki base.All sensors are,,1,0,5,0,1
ROSA909,https://answers.ros.org/question/55151/turtlebot-netbook-battery-error/,ROSAnswers,Turtlebot Netbook Battery Error,everal different files located in /sys/class/power_supply/BAT0.So I'm wondering if there is an,,17,3,6,0,0
ROSA910,https://answers.ros.org/question/45950/single-board-pc-for-ros/,ROSAnswers,Single board PC for ROS,"h least a 1.0Ghz modern CPU + 2GB of RAM. If power consumption is not a concern, I would recomm",,0,0,2,0,0
ROSA913,https://answers.ros.org/question/127171/ekf-dosent-work-perfectly/,ROSAnswers,EKF dosen't work perfectly,stimating model parameters from output data (battery time until full while charging).,,1,0,0,0,0
ROSA921,https://answers.ros.org/question/9868/how-to-mount-a-kinect-with-my-laptop-without-any-ac-adapter/,ROSAnswers,How to mount a Kinect with my laptop without any AC Adapter [closed],"iably down to 8V, 
This could alow regulated power from a 12v battery, 
Haven't tried it myself",,16,2,11,0,0
ROSA947,https://answers.ros.org/question/192852/using-xv-11-lidar/,ROSAnswers,Using xv-11 lidar,o much slower than that.What voltage are you powering your xv-11 at? I'm powering xv-11 at 5v,,0,0,4,0,0
ROSA953,https://answers.ros.org/question/198321/what-is-the-difference-between-asus-xtion-and-microsoft-kinect/,ROSAnswers,What is the difference between Asus Xtion and Microsoft Kinect? [closed],an embedded tilt motor and needs an external power source. The Asus is smaller than the Kinect,,0,0,2,0,0
ROSA958,https://answers.ros.org/question/194977/trying-to-get-the-xv-11-lidar-to-work/,ROSAnswers,Trying to get the XV-11 Lidar to work,u in Virtualbox on a Windows Machine.For the power to the motor I am using a 3V regulator that,,0,0,5,0,0
ROSA975,https://answers.ros.org/question/207130/contacting-turtlebot-distributor-i-heart-engineering/,ROSAnswers,Contacting Turtlebot Distributor (I Heart Engineering).,r a while and there is only 2 that have this battery issue. I did some research on the model of a,,5,0,0,0,0
ROSA984,https://answers.ros.org/question/202176/kinect-isnt-visible-from-odroid-when-battery-powered-turtlebot-v2/,ROSAnswers,Kinect isn't visible from Odroid when battery powered (turtlebot v2),isn’t visible from the odroid. The odroid is powered from the 12V/5A connector on the kobuki ba,,4,0,7,0,0
ROSA986,https://answers.ros.org/question/11824/turtlebot-not-appearing-on-rviz-during-mapping/,ROSAnswers,Turtlebot not appearing on RViz during mapping,10. I think this netbook might not be enough power to run gmapping along with rviz together. Ar,,0,0,1,0,0
ROSA988,https://answers.ros.org/question/216930/what-is-the-difference-between-acceleration-and-effort/,ROSAnswers,What is the difference between acceleration and effort? [closed],fy for your joint are for example voltage or power. For example you could have a power controll,,0,0,3,0,0
ROSA989,https://answers.ros.org/question/215763/nav2d-problems-getting-it-working-on-a-real-robot/,ROSAnswers,nav2d - Problems getting it working on a real robot,ore is a Raspberry Pi 2 - should have enough power to move the Operator across. Will try that o,,0,0,1,0,0
ROSA991,https://answers.ros.org/question/210822/2d-point-to-3d-transformationusing-kinect-programmed-by-opencv/,ROSAnswers,2D point to 3D transformation(using Kinect) programmed by openCV,"acking. I use 2D because it is faster to run energy function compared to run it on 3D, but I wan",,0,1,0,0,0
ROSA995,https://answers.ros.org/question/218715/battery-usage-simulation-in-gazebo/,ROSAnswers,Battery Usage Simulation in Gazebo,"hat is best practice in simulating a robot's battery usage in gazebo?I have a robot, and therefor",,6,0,0,0,0
ROSA1005,https://answers.ros.org/question/225490/ros-servo-control-arduino-fails/,ROSAnswers,ros servo control arduino fails,"then it should be a problem related with the power supply, the regulator on the arduino can't p",,0,0,4,0,0
ROSA1011,https://answers.ros.org/question/210527/how-to-integrate-kobuki-auto-docking-command-in-roscpp-or-python/,ROSAnswers,how to integrate kobuki auto docking command in roscpp or python,ogram automatically when it detects that the battery is low? then how to add that program to my c,,1,0,0,0,0
ROSA1015,https://answers.ros.org/question/232235/laser-scanner-choose/,ROSAnswers,Laser scanner choose,"is completely different: cheaper, has lower power consumption but also much worse specs than t",,0,0,1,0,0
ROSA1019,https://answers.ros.org/question/231771/rospy-sensor_msgsmsgbatterystate-is-not-found/,ROSAnswers,rospy sensor_msgs.msg.BatteryState is not found,"public apt repository.If you really need the battery message, you can use sensor_msgs from source",,1,0,0,0,0
ROSA1024,https://answers.ros.org/question/236426/p2os-and-rosaria-not-connecting-to-pioneer-p3-at/,ROSAnswers,P2os and rosaria not connecting to Pioneer P3-AT,switch on the side. This will give you extra battery life and prevent any possible interference w,,2,0,0,0,0
ROSA1029,https://answers.ros.org/question/238961/which-rgb-d-sensor-is-better-with-ros-packages/,ROSAnswers,Which RGB-D sensor is better with ROS packages?,that the original kinects needed a separate power supply,,0,0,2,0,0
ROSA1053,https://answers.ros.org/question/252046/raspberry-pi3-hector-slam/,ROSAnswers,Raspberry Pi3 Hector Slam [closed],. Unfortunately seems that the computational power of the board is not enough to handle the dat,,0,0,4,0,0
ROSA1064,https://answers.ros.org/question/259640/dynamixel-ax12-tutorial/,ROSAnswers,dynamixel ax12 tutorial,hat the Dynamixel were not responding due to power grounding. I have shared the USB and power s,,0,0,2,0,0
ROSA1068,https://answers.ros.org/question/258357/node-has-emergency-error-issue-on-lwa4d/,ROSAnswers,"""Node has emergency error"" : Issue on Lwa4D",I initially used to connect the robot to the power supply complied with the LWA4D voltage and c,,0,0,1,0,0
ROSA1069,https://answers.ros.org/question/261964/managing-large-video-streams-4k/,ROSAnswers,Managing large video streams (4K ...),t case.What is the minimally expensive/sized/power-consuming embedded board that can connect to,,0,0,3,0,0
ROSA1078,https://answers.ros.org/question/267407/about-battery-management-systems/,ROSAnswers,About Battery Management Systems,"m trying to find the best solution to manage power and batteries.
For my robots I use 4S and 6S",,10,0,2,0,0
ROSA1082,https://answers.ros.org/question/269683/intel-euclid-battery-state/,ROSAnswers,Intel Euclid battery state,orm and I'm trying to find a solution to get battery state.Any ideas or suggestionsThanks in adva,,3,0,0,0,0
ROSA1083,https://answers.ros.org/question/270751/turtlebot-charging-without-battery/,ROSAnswers,turtlebot charging without battery,rtlebot was delivered without the additional battery: 4S2P (4400 mAh) that has to be connected in,,4,0,0,0,0
ROSA1088,https://answers.ros.org/question/271780/neato-laser-stop/,ROSAnswers,neato laser stop,"as turtlebot boots up and the laser receives power from the on board computer via the usb port,",,0,0,5,0,0
ROSA1089,https://answers.ros.org/question/273784/turtlebot-3-questions/,ROSAnswers,Turtlebot 3 Questions,"nection. 
Please check the operation voltage/power consumption of the SBC as OpenCR might not s",,0,0,2,0,0
ROSA1139,https://answers.ros.org/question/309609/kinect-360-not-working-in-ubuntu-1604/,ROSAnswers,Kinect 360 not working in Ubuntu 16.04,"I have a kinect xbox 360 and the appropriate power supply.
The kinect works fine in windows 10.",,0,0,2,0,0
ROSA1147,https://answers.ros.org/question/328832/how-to-talk-to-two-ros-devices-over-serial/,ROSAnswers,How to talk to two ROS devices over serial?,"honest, you could do this with a much lower power device such as an arduino or teensy on the d",,0,0,1,0,0
ROSA1153,https://answers.ros.org/question/334408/using-rosserial-to-read-data-from-a-device/,ROSAnswers,Using rosserial to read data from a device,r code.If you're writing the firmware of the battery management system yourself then you could us,,1,0,0,0,0
ROSA1154,https://answers.ros.org/question/336929/ros-newby-suitability-of-old-thinkpad-x240/,ROSAnswers,ROS newby - suitability of old Thinkpad X240?,"hinkpad. The only drawback in my case is the battery life, which for mine lasts only 2 hours or s",,4,0,0,0,0
ROSA1173,https://answers.ros.org/question/152146/integration-of-energy-framework-with-ros/,ROSAnswers,Integration of energy framework with ROS,rking on a software framework to monitor the energy consumption of robots or any embedded device,,0,2,0,0,0
ROSA1207,https://answers.ros.org/question/30631/turtlebot-unable-to-check-laptop-batterybat0state/,ROSAnswers,Turtlebot unable to check laptop battery/BAT0/state,My laptop (Thinkpad X120e) reports its battery status in proc/acpi/battery/BAT1/ folder (wh,,15,0,0,0,0
ROSA1214,https://answers.ros.org/question/234963/turtlebot-2-kinect-typexbox360-version-or-pc-version/,ROSAnswers,Turtlebot 2 kinect type(xbox360 version or PC version?),"ad idea: extreme noise, reflections and more power consumption.Ah thank you for these informat",,0,0,2,0,0
ROSA1218,https://answers.ros.org/question/192938/are-there-standard-battery-level-messages-in-ros/,ROSAnswers,are there standard battery level messages in ROS,"ot, are there existing standard messages for battery level (in %) or voltage, or thresholds (low)",,4,0,0,0,0
GitPR0,https://github.com/dji-sdk/Onboard-SDK-ROS/pull/253,GitHubPRs,Adding battery voltage information to ROS msg,feature has been removed in With this change battery voltage information (V) is provided in topic,,3,0,0,0,0
GitPR10,https://github.com/start-jsk/rtmros_hironx/pull/481,GitHubPRs,[hrpiob] Upgrade for hrpsys 315.4.0 onward.,"ol: number_of_batteries
unknown symbol: read_battery
Load failed.
:
Load failed.
unknown symbol:",,14,0,0,0,0
GitPR13,https://github.com/jsk-ros-pkg/jsk_robot/pull/1143,GitHubPRs,Merge PR1040 branch to master,() fix bug of volume () fix typo () enhance battery logging () fix battery warning () enable pr2,,2,0,0,0,0
GitPR16,https://github.com/autowarefoundation/autoware/pull/2026,GitHubPRs,Add state battery charging,"Adding BatteryCharging state into Vehicle state machine.
This should be used with service",,7,0,0,0,0
GitPR17,https://github.com/autowarefoundation/autoware/pull/2256,GitHubPRs,Add battery charging state,"Adding BatteryCharging state into Vehicle state machine.
This should be used with service",,10,0,0,0,0
GitPR19,https://github.com/ipa320/cob_command_tools/pull/129,GitHubPRs,use aggregated power state message,Will this require any change in the diagnostic_aggregator.yaml's o,,0,0,7,0,0
GitPR24,https://github.com/ipa320/cob_command_tools/pull/251,GitHubPRs,fix format of battery minutes,was local change on WOZ PC finally fixed,,3,0,0,0,0
GitPR39,https://github.com/jsk-ros-pkg/jsk_robot/pull/333,GitHubPRs,speak the percentage of the battery with min charge and it's id,"pr2 currently look at average of relative charge, but pr1040 shutdown when there is 6x% le",,1,0,0,0,0
GitPR40,https://github.com/jsk-ros-pkg/jsk_robot/pull/106,GitHubPRs,Speak the remaining percentages of the battery if it's not charged,,,1,0,0,0,0
GitPR45,https://github.com/jsk-ros-pkg/jsk_common/pull/618,GitHubPRs,add battery full capacity summary script,Great!!,,1,0,0,0,0
GitPR49,https://github.com/turtlebot/turtlebot/pull/225,GitHubPRs,disable the battery node if TURTLEBOT_BATTERY is set to None,This takes advantage of the new roslaunch syntax so is kinetic specific and forces a for,,1,0,0,0,0
GitPR50,https://github.com/uf-mil/SubjuGator/pull/185,GitHubPRs,VISUALIZATION: add battery voltage and interactive kill markers,You should add these to the rviz configCan you save it to the rviz config?A marker can be,,1,0,0,0,0
GitPR52,https://github.com/AutonomyLab/create_autonomy/pull/9,GitHubPRs,Add battery info topics,,,1,0,0,0,0
GitPR54,https://github.com/AutonomyLab/create_autonomy/pull/11,GitHubPRs,Compute and publish battery charge ratio,,,1,0,0,0,0
GitPR69,https://github.com/BCLab-UNM/SwarmBaseCode-ROS/pull/127,GitHubPRs,Bug motor overcurrent,fuse built into the PCB trips and cuts motor power essentially freezing a robot in place until,,0,0,1,0,0
GitPR80,https://github.com/jhu-asco/aerial_autonomy/pull/81,GitHubPRs,Add rpyt based pos control,"ld check for the validity of perceptin data, battery level of quad and height to ensure we are en",,2,0,0,0,0
GitPR81,https://github.com/jackal/jackal/pull/1,GitHubPRs,Initial messages for review.,"s the use you've got in mind? IMO a ""lowest battery voltage"" would be more usable for diagnosing",,1,0,0,0,0
GitPR88,https://github.com/ipa320/cob_robots/pull/214,GitHubPRs,Correction of reading phidgetboard for raw3-5,l. Instead of reading voltage and publishing power_board/state it published emergency stop stat,,0,0,1,0,0
GitPR90,https://github.com/ipa320/cob_robots/pull/492,GitHubPRs,params for battery capacity calculation added,y more because we're using the phidget based power state publisher which calculates a relative_,,0,0,1,0,0
GitPR91,https://github.com/ipa320/cob_robots/pull/624,GitHubPRs,changes for using fake docking and power usage,"together with fake_docking providing correct power_state), so no need for in multi_docking.
Bu",,0,0,1,0,0
GitPR92,https://github.com/ipa320/cob_robots/pull/395,GitHubPRs,emergency_stop_state has to be a global topic,"PR the three topics ""emergency_stop_state"", ""power_board/state"", ""power_board/voltage"" all use",,0,0,2,0,0
GitPR101,https://github.com/jhu-asco/aerial_autonomy/pull/27,GitHubPRs,"Fix logic for takeoff, position control","When taking off, if low battery, should try to land
When reaching goal, if l",,2,0,0,0,0
GitPR117,https://github.com/jsk-ros-pkg/jsk_common/pull/1224,GitHubPRs,[jsk_topic_tools] Function to warn with no remappings,"ting topic running at 1000hz may consume CPU power,
which may not become a problem on C++ imple",,0,0,1,0,0
GitPR121,https://github.com/jsk-ros-pkg/jsk_recognition/pull/2427,GitHubPRs,Add Mask R-CNN model trained with COCO dataset (~80 classes) (already included VOC model only detects ~20 classes),In order to use the more powerful model easily. Here is the demo:Here is th,,0,0,1,0,0
GitPR124,https://github.com/jsk-ros-pkg/jsk_robot/pull/1137,GitHubPRs,[jsk_fetch_startup] add battery warning node to fetch,"Robot warns if the battery percentage is under some threshold.
under te",,1,0,0,0,0
GitPR126,https://github.com/jsk-ros-pkg/jsk_robot/pull/1140,GitHubPRs,[jsk_fetch_startup] respawn fetch sound_play for audio_common bug,"ks correctly, I heard he says something when battery changes from 90 to 89 and 80 to 79 these day",,1,0,0,0,0
GitPR127,https://github.com/OUXT-Polaris/robotx_core/pull/58,GitHubPRs,Feature/battery monitor driver,add battery status monitor node,,1,0,0,0,0
GitPR138,https://github.com/RoboJackets/igvc-software/pull/364,GitHubPRs,Ethernet,"s not just the motors, but also monitors the battery, sets the PID, and handles all communication",,1,0,0,0,0
GitPR152,https://github.com/ros-controls/ros_control/pull/197,GitHubPRs,[WIP] HW interface switching revisited,"might want to switch a joint to an idle, low-power, or safe mode.I'm not so fond of 's signatur",,0,0,1,0,0
GitPR158,https://github.com/ros-planning/navigation2/pull/455,GitHubPRs,Add dependencies based on package build failures.,rately scrupulous review.I used my ownership powers on ros-planning somewhat dubiously to push,,0,0,1,0,0
GitPR189,https://github.com/turtlebot/turtlebot/pull/159,GitHubPRs,migrate linux_hardware as linux_peripheral_interfaces repo,nux_hardware has been migrated out as laptop_battery_monitor in linux_peripheral_interfaces.+1,,1,0,0,0,0
GitPR190,https://github.com/turtlebot/turtlebot/pull/104,GitHubPRs,fix renamed files for battery info on Ubuntu 12.04.3 LTS - Kernel 3.8,"ript by checking more efficiently /proc/acpi/power_supply directory, then /sys/class/power_supp",,0,0,2,0,0
GitPR194,https://github.com/uf-mil/NaviGator/pull/91,GitHubPRs,GUI: Dashboard for RQT,"rently displays kill status, operating mode, battery voltage, system time, and the IP and network",,1,0,0,0,0
GitPR195,https://github.com/utexas-bwi/segbot/pull/63,GitHubPRs,segbot battery profiler,"nclude a method to build the 'profile' for a battery used by a segbot, irrespective of version. T",,2,0,0,0,0
GitPR196,https://github.com/utexas-bwi/segbot/pull/40,GitHubPRs,"Segbot_v2 voltage emailer smoothing function, mailinglist update","nt the message ie (""Bender is running low on battery"").Note: individual commits got lost due to s",,1,0,0,0,0
GitPR201,https://github.com/uf-mil/SubjuGator/pull/247,GitHubPRs,BUS VOLTAGE: widen window for bus voltage estimate,We still want to kill pretty quickly if the battery is actually low.The bus voltage actually dro,,4,0,0,0,0
GitPR202,https://github.com/uf-mil/SubjuGator/pull/76,GitHubPRs,CAMERA: Add stereo launch file,ud data for the time being we'll be using up battery for no reason. Shouldn't we bring up stereo,,1,0,0,0,0
GitPR203,https://github.com/uf-mil/NaviGator/pull/215,GitHubPRs,GUI,Monitors the battery voltage and displays it. Its got tabs too fo,,1,0,0,0,0
GitPR204,https://github.com/start-jsk/rtmros_common/pull/426,GitHubPRs,set REALTIME=ture as default,o that hrpsys_ros_bridge did not consume cpu powersee for discussion,,0,0,1,0,0
GitPR209,https://github.com/UBC-Thunderbots/Software/pull/643,GitHubPRs,Add dead robot handling and more messages to radio_communication,"ore warning messages, most importantly a low battery warning.TBD on field No coverage uploaded fo",,1,0,0,0,0
GitPR211,https://github.com/uf-mil/NaviGator/pull/49,GitHubPRs,INSTALL: Common Install Script and Miscellaneous Fixes,install script (plus a small addition to the battery monitor).You'll need to merge in master then,,1,0,0,0,0
GitPR220,https://github.com/whoenig/crazyflie_ros/pull/41,GitHubPRs,Added remove_crazyflie service to Crazyflie driver,"run continuous demo and, for example, change battery of a Crazyflie without restarting the comple",,1,0,0,0,0
GitPR221,https://github.com/uwreact/frc_control/pull/69,GitHubPRs,Add data subscriber,".Adds data subscribers for RobotState (battery voltage, faults, CAN metrics, etc) and for J",,1,0,0,0,0
GitPR239,https://github.com/jsk-ros-pkg/jsk_common/pull/1619,GitHubPRs,battery_capacity_summary.py: fix order of columns,Fix a column order of battery info,,1,0,0,0,0
GitPR241,https://github.com/jsk-ros-pkg/jsk_robot/pull/1165,GitHubPRs,[jsk_pr2_startup] To deal with NA battery,"In the case of pr2's battery is NA, we cannot calculate the remained perc",,1,0,0,0,0
GitPR254,https://github.com/jsk-ros-pkg/jsk_robot/pull/670,GitHubPRs,[jsk_fetch_startup/scripts/warning.py] bugfix: error with no robot_state msg is subscribed,"s(msg.angular.z) > 0 ) and \
 self.battery_state_msgs.is_charging == True and breaker_s",,1,0,0,0,0
GitPR258,https://github.com/jsk-ros-pkg/jsk_robot/pull/1082,GitHubPRs,[jsk_pr2_startup] use new battery warning,"tage info from .
when PR2 is down because of power shortage, voltage of CPU, arms and base is a",,2,0,2,0,0
GitPR260,https://github.com/jsk-ros-pkg/jsk_robot/pull/1136,GitHubPRs,"add voltage, current and temperature info for pr2 battery logger","oltage, current and temperature info for pr2 battery logger
cc. LGTMI checked on real PR2:applic",,3,0,0,0,0
GitPR263,https://github.com/turtlebot/turtlebot/pull/61,GitHubPRs,Fixing Roomba config file & laptop battery monitor fix,"laptop_battery.py (commit ) so that the new power management scheme (the one, where all the po",,1,0,3,0,0
GitPR264,https://github.com/uf-mil/NaviGator/pull/273,GitHubPRs,GUI: add GUI for voltage monitoring,sary code. The program checks the params for battery-voltage/critical and battery-voltage/low eve,,4,0,0,0,0
GitPR266,https://github.com/UBC-Thunderbots/Software/pull/122,GitHubPRs,Added Kick and Chip Primitive classes,mitive.*chip_primitive.*kick_primitive.*shootpowerkick_speed_meters_per_secondchip_distance_met,,0,0,1,0,0
GitPR271,https://github.com/jsk-ros-pkg/jsk_common/pull/1628,GitHubPRs,[jsk_tools] Show voltage in battery_capacity_summary.py,"this PR.
I tested with real PR2.what kind of battery estimation(?) can you get from this voltage",,24,0,0,0,0
GitPR272,https://github.com/jsk-ros-pkg/jsk_robot/pull/1197,GitHubPRs,[jsk_pr2_startup] Modified power_monitor frequency,"topic and the node looks at the state of the power supply to determine whether pr2 can move.
Th",,0,0,3,0,0
GitPR276,https://github.com/jsk-ros-pkg/jsk_robot/pull/474,GitHubPRs,Record battery info before power go off,ns info of all times created by in /var/ros/power_monitor/power.logWhat is the difference betw,,9,0,14,0,0
GitPR277,https://github.com/jsk-ros-pkg/jsk_common/pull/631,GitHubPRs,add roscore_check,s code to know when PR2 shutdown because of battery .So there are many kind of other way to know,,3,0,0,0,0
GitPR287,https://github.com/ipa320/cob_robots/pull/514,GitHubPRs,powerstate from phidget,coupled to added paramslaunch powerstate from phidget instead of cob_voltage on,,0,0,1,0,0
GitPR289,https://github.com/ipa320/cob_robots/pull/409,GitHubPRs,new phidget board,al for new phidget board + sensor naming for battery_light_monitor,,1,0,0,0,0
GitPR297,https://github.com/jsk-ros-pkg/jsk_common/pull/626,GitHubPRs,add hardware id tp battery capacity,"にそれっぽいのがないのでないと思っていて，作るのかなと思っています．iobにはread_powerという関数があるようです.
あるならそこのインターフェイスを実装するのが正解じゃない?◉",,18,0,9,0,0
GitPR299,https://github.com/PX4/avoidance/pull/250,GitHubPRs,Cost matrix image,ng functionchange smoothing kernel to be non energy conservantincrease box sizetake out histogra,,0,1,0,0,1
GitPR308,https://github.com/utexas-bwi/segbot/pull/60,GitHubPRs,Battery Diagnostics for Segbot_v3,These changes make the battery diagnostics node (voltage monitor and emaile,,7,0,0,0,0
GitPR310,https://github.com/uf-mil/NaviGator/pull/265,GitHubPRs,BATTERY: ignore voltage readings if fault,ding of the byteyay hardwareWhen the battery powering a thruster is off (front for left battery,,4,0,1,0,0
GitPR314,https://github.com/uf-mil/NaviGator/pull/355,GitHubPRs,SIMULATION: integrate VMRC to replace old gazebo simulation,simulated motor drivers (needed for testing battery-low failures),,1,0,0,0,0
GitPR315,https://github.com/uf-mil/NaviGator/pull/37,GitHubPRs,Sensor Control and Install,simple import error in move_helperCreated a battery monitor package to keep track of voltageAver,,2,0,0,0,0
GitIssue0,https://github.com/BCLab-UNM/SwarmBaseCode-ROS/issues/63,GitHubIssues,Rapid changes in commanded motor speed cause power surges that will cut motor power,The motor speed limit currently has masked this problem however the final solution is to s,,0,0,2,0,0
GitIssue1,https://github.com/duckietown/Software/issues/86,GitHubIssues,Date resets every time we disconnect the battery,This causes problems:Better not to invoke ntpdate in boot sequence (network is not ready a,,1,0,0,0,0
GitIssue581,https://github.com/uf-mil/NaviGator/issues/289,GitHubIssues,Create curses based status/debug TUI,"based status GUI which displays things like battery voltage, autonomous/remote control mode, etc",,2,0,0,0,0
GitIssue582,https://github.com/uf-mil/NaviGator/issues/254,GitHubIssues,Address Battery Paradox,"he motor controllers stop getting their main power. However, they still send feedback over USB,",,5,0,3,0,0
GitIssue583,https://github.com/turtlebot/turtlebot/issues/139,GitHubIssues,Indigo upgrade meta-issue,/LaptopChargeStatus.msg -> ros-drivers/smart_battery_msgs/SmartBatteryStatus.msg (or similar) Sup,,1,0,0,0,0
GitIssue584,https://github.com/yujinrobot/kobuki/issues/66,GitHubIssues,Battery Level Runtime Graph,Generate a runtime graph for battery voltage levels. We need these to set the lev,,15,0,0,0,0